country,wp_id,title,content_score,composite,yoast,expert,mechanical_fixes
AE,14155,"Hidd Al Saadiyat Padel",88,83,100,75,S4
AE,14770,"Yas Beach Padel",88,73,100,75,S4
AE,12481,"Belremaitha Padel",85,51,100,70,S4
AE,14004,"Al ZEINA padel court",85,78,100,70,S4
AE,14128,"Fantasy Padel",85,81,100,70,S4
AE,14613,"Sky mark GT Padel",85,81,100,70,S4
GB,17945,"Let's Go Padel Omagh",85,71,100,70,S4
AU,16771,"Padelwest",85,51,100,70,S4
AE,13529,"Vamos Padel",84,70,92,75,S4
AE,12130,"Ballers By Gaby Reca",83,50,100,65,S4
AE,12187,"Club Padel Dubai",83,70,100,65,S4
AE,12245,"Elevon Sports Complex",83,82,100,65,S4
AE,12569,"E611 Sports",83,70,100,65,S4
AE,12680,"Ism Padel Al Habtoor",83,70,100,65,S4
AE,12722,"Just Padel - Kite Beach",83,50,100,65,S4
AE,12748,"Just Padel - Kent College",83,50,100,65,S4
AE,12783,"Just Padel - Ripe Market",83,70,100,65,S4
AE,13828,"Active Al Maryah",83,70,100,65,S4
AE,14057,"ESS Padel Indoor",83,70,100,65,S4
AE,14054,"Eastern Mangroves",83,70,100,65,S4
AE,14153,"Home of Padel - Saadiyat Rotana Resort & Villas",83,50,100,65,S4
AE,14127,"Forza Padel",83,50,100,65,S4
AE,14207,"Just Padel - Marina Mall",83,70,100,65,S4
AE,14292,"Metropolitan Al Mafraq Hotel Padel Courts",83,70,100,65,S4
AE,14396,"Padel Port",83,83,100,65,S4
AE,14354,"Padel Kingdom Abu Dhabi",83,70,100,65,S4
AE,14567,"Padelmania Abu Dhabi",83,76,100,65,S4
AE,14447,"Padelista - Al Rawdhat",83,70,100,65,S4
AE,14615,"Pro Padel Academy",83,70,100,65,S4
AE,14589,"Prime HUB",83,70,100,65,S4
AE,14617,"RDK Compound",83,76,100,65,S4
AE,14672,"The Padel Project",83,70,100,65,S4
AE,14883,"Padel Spot",83,80,100,65,S4
AE,14852,"The Padel Corner Ajman",83,70,100,65,S4
AE,15619,"Padel Zone Al Ain",83,70,100,65,S4
AE,15734,"Padel Edition",83,70,100,65,S4
AE,16193,"Together Sport Services",83,70,100,65,S4
AE,14707,"UAEJJ Fitness MBZ",83,50,100,65,S4
AE,12010,"Ahdaaf Sports Club",83,50,100,65,S4
GB,17681,"This is Padel Dronfield",83,76,100,65,S4
GB,17850,"Eixo Padel",83,50,100,65,S4
AU,11667,"Game4Padel Docklands",83,50,100,65,S4
GB,17006,"Everybody Padel - The Barony",83,50,100,65,S4
AU,11522,"Indoor Padel Northern Beaches",83,50,100,65,S4
AE,14649,"Smash Padel",81,81,92,70,S4
AE,14674,"Home of Padel Saadiyat Rotana",81,75,92,70,S4
AE,14953,"Padel Art",81,69,92,70,S4
US,19661,"Taktika Padel San Diego",81,75,92,70,S4
GB,17997,"Powerhouse Padel Coleraine",81,69,92,70,S4
AE,12012,"Ahdaaf Dragon Mart 2",80,68,100,60,S4
AE,12186,"Champs Sports Club",80,48,100,60,S4
AE,12244,"Fluxion Padel Park Arena Hub",80,80,100,60,S4
AE,12243,"FM Padel Academy (Playce)",80,48,100,60,S4
AE,12242,"Fauget Padel Court",80,75,100,60,S4
AE,12501,"Business Bay Padel Courts",80,81,100,60,S4
AE,12538,"CF Padel Academy - Aviation Club",80,48,100,60,S4
AE,12518,"Champs Sports and Fitness Club Festival Plaza",80,48,100,60,S4
AE,12637,"Head Arena - Al Quoz",80,68,100,60,S4
AE,12683,"Ism Padel The Manor By Ja",80,48,100,60,S4
AE,12777,"Just Padel - Mina Rashid",80,48,100,60,S4
AE,12787,"La Cantine Sports Club",80,48,100,60,S4
AE,12842,"Match Point Padel",80,68,100,60,S4
AE,12892,"Oxygen Padel Club",80,48,100,60,S4
AE,13435,"Padel Tennis",80,75,100,60,S4
AE,12894,"Padel @ Precision Football",80,48,100,60,S4
AE,13522,"321 SPORTS",80,68,100,60,S4
AE,13825,"Abu Dhabi Padel Hub",80,68,100,60,S4
AE,13771,"Abu Dhabi Country Club",80,48,100,60,S4
AE,13780,"A PADEL - Yas Plaza",80,68,100,60,S4
AE,13523,"A PADEL - Park Hyatt Saadiyat",80,48,100,60,S4
AE,13912,"Al Forsan Padel Tennis",80,48,100,60,S4
AE,14041,"Beach Rotana Hotel",80,48,100,60,S4
AE,14002,"Al Wahda Sports Cultural Club",80,68,100,60,S4
AE,14157,"Gulf Star Sports",80,78,100,60,S4
AE,14206,"i Padel club",80,68,100,60,S4
AE,14200,"ISM Padel Sama International school",80,68,100,60,S4
AE,14294,"Padel 8 (Indoor) 2.0",80,78,100,60,S4
AE,14420,"Padelae Abu Dhabi - Musaffah",80,68,100,60,S4
AE,14422,"Padeled",80,68,100,60,S4
AE,14790,"Go Padel Ajman",80,48,100,60,S4
AE,14767,"Zayed Sports City Padel Tennis Courts",80,68,100,60,S4
AE,14788,"Go Padel Abu Dhabi",80,68,100,60,S4
AE,14881,"Padel Square",80,68,100,60,S4
AE,14939,"Padel Addict",80,68,100,60,S4
AE,14895,"A PADEL - Al Ain",80,48,100,60,S4
AE,15268,"321Sports I Padel",80,48,100,60,S4
AE,15372,"Sharjah Beach Club",80,48,100,60,S4
AE,15373,"Padel Zone Fujairah",80,48,100,60,S4
AE,15452,"Padel Point Al Quoz",80,48,100,60,S4
AE,15396,"Fahid Beach Club by Barbossa",80,68,100,60,S4
AE,15493,"Padel Patch",80,68,100,60,S4
AE,13777,"A PADEL - Rebound",80,48,100,60,S4
AE,15768,"Premier Padel 2.0",80,48,100,60,S4
AE,15919,"Quick Turf Sports",80,48,100,60,S4
AE,15838,"Padelae 2.0",80,68,100,60,S4
AE,15890,"Padel Pavilion",80,48,100,60,S4
AE,15853,"UAEJJ Fitness Al Nahda",80,48,100,60,S4
AE,15852,"Club Padel Dubai",80,48,100,60,S4
AE,16023,"Champions Padel",80,68,100,60,S4
AE,16007,"iPadel Club Dubai",80,48,100,60,S4
AE,16000,"Pro Padel Jumeirah",80,48,100,60,S4
AE,16133,"Aljoker Playgrounds Sharjah",80,68,100,60,S4
AE,16179,"Padel Space",80,48,100,60,S4
AE,16163,"The Padel Club",80,68,100,60,S4
AE,16149,"Padel Port",80,75,100,60,S4
AE,16291,"Bin Salman Padel Court",80,81,100,60,S4
AE,16256,"Padel Life Club",80,48,100,60,S4
AE,16430,"Le Padel",80,68,100,60,S4
AE,16429,"FPA Football and Padel Academy",80,68,100,60,S4
AE,16490,"Padel Stars",80,68,100,60,S4
AE,16585,"The Padel Corner Falaj Al Mualla",80,68,100,60,S4
AE,16470,"Padel Ranch",80,68,100,60,S4
AE,15651,"Wellfit Madar",80,68,100,60,S4
AE,14210,"Lets Padel Outdoor",80,68,100,60,S4
AE,12605,"FM Padel Academy (Padelae)",80,68,100,60,S4
AE,14401,"Padel Plus Academy",80,68,100,60,S4
AE,16057,"CF Padel Academy",80,48,100,60,S4
GB,18960,"Park Sports Regent's Park",80,68,100,60,S4
US,19595,"PADEL MKE",80,48,100,60,S4
GB,16997,"Akebar Park",80,48,100,60,S4
GB,16893,"Padel at the Coed",80,48,100,60,S4
GB,16952,"S3 Bristol Filton Park",80,48,100,60,S4
US,20420,"Slice Padel Co",80,48,100,60,S4
US,20232,"SLC Padel Club",80,48,100,60,S4
US,19995,"AREA Centre",80,48,100,60,S4
GB,18496,"Mickleover Padel Club",80,68,100,60,S4
GB,17238,"Castle Padel Club",80,88,100,60,none
US,20829,"Portres Sports Club",80,68,100,60,S4
US,20783,"PADELHUB Boston",80,48,100,60,S4
US,20758,"Padel United Sports Club",80,88,100,60,none
US,20311,"The Sports Haus",80,48,100,60,S4
US,20185,"Laredo Padel Club",80,48,100,60,S4
US,20034,"Racket Social Club Willowbrook",80,88,100,60,none
US,19659,"Point Padel Club",80,68,100,60,S4
GB,18976,"The Heron Padel Club",80,68,100,60,S4
GB,18774,"Barnton Cricket Club",80,48,100,60,S4
GB,18648,"Withdean Sports Complex",80,48,100,60,S4
GB,18405,"Let's Go Padel Lurgan",80,78,100,60,S4
GB,18236,"Rhosneigr Sports Club",80,68,100,60,S4
GB,17769,"Padel Project UK Darlington",80,88,100,60,none
GB,17672,"Padel People - Shepton Mallet",80,48,100,60,S4
GB,17342,"PADELHUB Crawley",80,48,100,60,S4
GB,17178,"The Padel Club Cheltenham",80,48,100,60,S4
AU,11664,"Canberra Racquet Club",80,48,100,60,S4
GB,17131,"PADELHUB Slough",80,48,100,60,S4
GB,17035,"Manton Sports Club",80,48,100,60,S4
GB,17046,"The Northern",80,88,100,60,none
GB,16830,"Powerleague Mill Hill",80,48,100,60,S4
AU,16794,"Padel Spot Minto",80,75,100,60,S4
AU,16780,"The Racquet Collective",80,48,100,60,S4
AU,16693,"Padel Fit",80,48,100,60,S4